<?xml version="1.0"?>
<!DOCTYPE hibernate-mapping PUBLIC "-//Hibernate/Hibernate Mapping DTD 3.0//EN"
"http://hibernate.sourceforge.net/hibernate-mapping-3.0.dtd">
<!-- Generated 20-oct-2011 16:18:34 by Hibernate Tools 3.4.0.CR1 -->
<hibernate-mapping>
    <class name="datos.modelo.Copia" table="copia" catalog="biblio">
        <composite-id name="id" class="datos.modelo.CopiaId">
            <key-property name="numCopia" type="string">
                <column name="numCopia" length="20" />
            </key-property>
            <key-property name="suLibro" type="string">
                <column name="suLibro" length="10" />
            </key-property>
        </composite-id>
        <many-to-one name="socio" class="datos.modelo.Socio" fetch="select">
            <column name="prestadaA" />
        </many-to-one>
        <many-to-one name="libro" class="datos.modelo.Libro" update="false" insert="false" fetch="select">
            <column name="suLibro" length="10" not-null="true" />
        </many-to-one>
        <property name="estado" type="string">
            <column name="estado" length="50" not-null="true" />
        </property>
        <property name="fechaPrestamo" type="date">
            <column name="fechaPrestamo" length="10" />
        </property>
    </class>
</hibernate-mapping>
