<?xml version="1.0"?>
<!DOCTYPE hibernate-mapping PUBLIC "-//Hibernate/Hibernate Mapping DTD 3.0//EN"
"http://hibernate.sourceforge.net/hibernate-mapping-3.0.dtd">
<!-- Generated 20-oct-2011 16:18:34 by Hibernate Tools 3.4.0.CR1 -->
<hibernate-mapping>
    <class name="datos.modelo.Libro" table="libro" catalog="biblio">
        <id name="signatura" type="string">
            <column name="signatura" length="10" />
            <generator class="assigned" />
        </id>
        <property name="titulo" type="string">
            <column name="titulo" length="50" not-null="true" />
        </property>
        <set name="copias" table="copia" inverse="true" lazy="true" fetch="select">
            <key>
                <column name="suLibro" length="10" not-null="true" />
            </key>
            <one-to-many class="datos.modelo.Copia" />
        </set>
        <set name="reservas" table="reserva" inverse="true" lazy="true" fetch="select">
            <key>
                <column name="signatura" length="10" not-null="true" />
            </key>
            <one-to-many class="datos.modelo.Reserva" />
        </set>
    </class>
</hibernate-mapping>
