<?xml version="1.0"?>
<!DOCTYPE hibernate-mapping PUBLIC "-//Hibernate/Hibernate Mapping DTD 3.0//EN"
"http://hibernate.sourceforge.net/hibernate-mapping-3.0.dtd">
<!-- Generated 20-oct-2011 16:18:34 by Hibernate Tools 3.4.0.CR1 -->
<hibernate-mapping>
    <class name="datos.modelo.Reserva" table="reserva" catalog="biblio">
        <composite-id name="id" class="datos.modelo.ReservaId">
            <key-property name="signatura" type="string">
                <column name="signatura" length="10" />
            </key-property>
            <key-property name="numSocio" type="int">
                <column name="numSocio" />
            </key-property>
        </composite-id>
        <many-to-one name="socio" class="datos.modelo.Socio" update="false" insert="false" fetch="select">
            <column name="numSocio" not-null="true" />
        </many-to-one>
        <many-to-one name="libro" class="datos.modelo.Libro" update="false" insert="false" fetch="select">
            <column name="signatura" length="10" not-null="true" />
        </many-to-one>
        <property name="fechaReserva" type="date">
            <column name="fechaReserva" length="10" not-null="true" />
        </property>
        <property name="disponible" type="string">
            <column name="disponible" length="1" />
        </property>
        <property name="fechaDisponible" type="date">
            <column name="fechaDisponible" length="10" />
        </property>
    </class>
</hibernate-mapping>
