<?xml version="1.0"?>
<!DOCTYPE hibernate-mapping PUBLIC "-//Hibernate/Hibernate Mapping DTD 3.0//EN"
"http://hibernate.sourceforge.net/hibernate-mapping-3.0.dtd">
<!-- Generated 20-oct-2011 16:18:34 by Hibernate Tools 3.4.0.CR1 -->
<hibernate-mapping>
    <class name="datos.modelo.Socio" table="socio" catalog="biblio">
        <id name="numSocio" type="int">
            <column name="numSocio" />
            <generator class="assigned" />
        </id>
        <property name="nombre" type="string">
            <column name="nombre" length="50" not-null="true" />
        </property>
        <property name="numMaxPrest" type="java.lang.Integer">
            <column name="numMaxPrest" />
        </property>
        <set name="copias" table="copia" inverse="true" lazy="true" fetch="select">
            <key>
                <column name="prestadaA" />
            </key>
            <one-to-many class="datos.modelo.Copia" />
        </set>
        <set name="reservas" table="reserva" inverse="true" lazy="true" fetch="select">
            <key>
                <column name="numSocio" not-null="true" />
            </key>
            <one-to-many class="datos.modelo.Reserva" />
        </set>
    </class>
</hibernate-mapping>
