<?xml version="1.0" encoding="UTF-8"?>

<faces-config
    xmlns="http://java.sun.com/xml/ns/javaee"
    xmlns:xsi="http://www.w3.org/2001/XMLSchema-instance"
    xsi:schemaLocation="http://java.sun.com/xml/ns/javaee http://java.sun.com/xml/ns/javaee/web-facesconfig_2_0.xsd"
    version="2.0">
	<managed-bean>
		<managed-bean-name>tomarPrestamoCopia</managed-bean-name>
		<managed-bean-class>presentacion.beans.TomarPrestamoCopia</managed-bean-class>
		<managed-bean-scope>session</managed-bean-scope>
	</managed-bean>
	<navigation-rule>
		<display-name>TomarPrestamoCopia.xhtml</display-name>
		<from-view-id>/TomarPrestamoCopia.xhtml</from-view-id>
		<navigation-case>
			<from-outcome>Superado el máximo de préstamos</from-outcome>
			<to-view-id>/SuperadoMaximoPrestamos.xhtml</to-view-id>
		</navigation-case>
	</navigation-rule>
	<navigation-rule>
		<display-name>TomarPrestamoCopia.xhtml</display-name>
		<from-view-id>/TomarPrestamoCopia.xhtml</from-view-id>
		<navigation-case>
			<from-outcome>Socio inexistente</from-outcome>
			<to-view-id>/SocioInexistente.xhtml</to-view-id>
		</navigation-case>
	</navigation-rule>
	<navigation-rule>
		<display-name>TomarPrestamoCopia.xhtml</display-name>
		<from-view-id>/TomarPrestamoCopia.xhtml</from-view-id>
		<navigation-case>
			<from-outcome>Libro inexistente</from-outcome>
			<to-view-id>/LibroInexistente.xhtml</to-view-id>
		</navigation-case>
	</navigation-rule>
	<navigation-rule>
		<display-name>TomarPrestamoCopia.xhtml</display-name>
		<from-view-id>/TomarPrestamoCopia.xhtml</from-view-id>
		<navigation-case>
			<from-outcome>No hay copias libres</from-outcome>
			<to-view-id>/NoCopiasLibres.xhtml</to-view-id>
		</navigation-case>
	</navigation-rule>
	<navigation-rule>
		<display-name>NoCopiasLibres.xhtml</display-name>
		<from-view-id>/NoCopiasLibres.xhtml</from-view-id>
		<navigation-case>
			<to-view-id>/ReservarLibro.xhtml</to-view-id>
		</navigation-case>
	</navigation-rule>
	<navigation-rule>
		<display-name>TomarPrestamoCopia.xhtml</display-name>
		<from-view-id>/TomarPrestamoCopia.xhtml</from-view-id>
		<navigation-case>
			<from-outcome>error</from-outcome>
			<to-view-id>/Error.xhtml</to-view-id>
		</navigation-case>
	</navigation-rule>
	<navigation-rule>
		<display-name>TomarPrestamoCopia.xhtml</display-name>
		<from-view-id>/TomarPrestamoCopia.xhtml</from-view-id>
		<navigation-case>
			<from-outcome>ok</from-outcome>
			<to-view-id>/TomadaCopiaEnPrestamo.xhtml</to-view-id>
		</navigation-case>
	</navigation-rule>

</faces-config>
