<?xml version="1.0" encoding="UTF-8"?>
<beans xmlns="http://www.springframework.org/schema/beans"
	xmlns:xsi="http://www.w3.org/2001/XMLSchema-instance"
	xmlns:tx="http://www.springframework.org/schema/tx"
	xmlns:aop="http://www.springframework.org/schema/aop"
	xsi:schemaLocation="http://www.springframework.org/schema/aop http://www.springframework.org/schema/aop/spring-aop-3.0.xsd
		http://www.springframework.org/schema/beans http://www.springframework.org/schema/beans/spring-beans.xsd
		http://www.springframework.org/schema/tx http://www.springframework.org/schema/tx/spring-tx-3.0.xsd">

	<bean id="beanGestorLibro"
		class="logicaNegocio.BeanGestorBiblioImplHibernate">
		  	<constructor-arg index="0" type="String" value="localhost" />
		  	<constructor-arg index="1" type="int" value="1099" />
		  	<constructor-arg index="2" type="String" value="gestorLibros" />
		  	<constructor-arg index="3" type="String" value="D:\\java.policy" />
	</bean>
	
	<bean id="dataSource" class="org.springframework.jdbc.datasource.DriverManagerDataSource">
		<property name="driverClassName">
			<value>com.mysql.jdbc.Driver</value>
		</property>
		<property name="url">
			<value>jdbc:mysql://localhost/biblio</value>
		</property>
		<property name="username">
			<value>root</value>
		</property>
		<property name="password">
			<value>admin</value>
		</property>
	</bean>
	
	<bean id="hibernateProperties" class="org.springframework.beans.factory.config.PropertiesFactoryBean">
		<property name="properties">
		<props>
			<prop key="dialect">org.hibernate.dialect.MySQL5Dialect</prop>
			<prop key="connection.pool_size">1</prop>
			<prop key="show_sql">true</prop>
			<prop key="format_sql">false</prop>
			<prop key="current_session_context_class">thread</prop>
			<prop key="hibernate.transaction.factory_class">
				org.hibernate.transaction.JDBCTransactionFactory
			</prop>
			<prop key="hibernate.connection.autocommit">false</prop>
		</props>
		</property>
	</bean>	
	<bean id="sessionFactory"
		class="org.springframework.orm.hibernate3.LocalSessionFactoryBean"
		scope="singleton">
		<property name="dataSource"> <ref local="dataSource" /> 
		</property>
		<property name="hibernateProperties">
			<ref bean="hibernateProperties" />
		</property>
		<property name="mappingResources">
			<list>
				<value>datos/modelo/Socio.hbm.xml</value>
				<value>datos/modelo/Libro.hbm.xml</value>
				<value>datos/modelo/Copia.hbm.xml</value>
				<value>datos/modelo/Reserva.hbm.xml</value>
			</list>
		</property>	
	</bean>
	<!--Support for Annotated Transactions - Short and sweet!-->
	<tx:annotation-driven transaction-manager="transactionManager"/>
	<bean id="txManager"
		class="org.springframework.orm.hibernate3.HibernateTransactionManager"
		scope="singleton">
		<property name="sessionFactory"	ref="sessionFactory" />
	</bean>

	<tx:advice id="txAdvice" transaction-manager="txManager">
    <tx:attributes>
        <tx:method name="*"/>
    </tx:attributes>
	</tx:advice>
	
	<aop:config>
    <aop:pointcut id="llamadasMetodos" expression="execution(* datos.dao.DbHibernate.*(..))"/>
    <aop:advisor advice-ref="txAdvice" pointcut-ref="llamadasMetodos"/>
	</aop:config>
	
	<aop:aspectj-autoproxy proxy-target-class="true" />

	<bean id="db" class="datos.dao.DbHibernate" autowire="no"
		scope="singleton">
		<property name="sessionFactory"> <ref bean="sessionFactory" /></property>
	</bean>
	<bean id="dBHibernateTarget"
		class="logicaNegocio.ServidorGestorBiblioHibernate"
		scope="singleton">
		<property name="db"><ref bean="db" /></property>
	</bean>
	<bean id="dBHibernateService"
		class="org.springframework.transaction.interceptor.TransactionProxyFactoryBean"
		scope="singleton">
		<property name="transactionManager"><ref local="txManager" /></property>
		<property name="target"><ref local="dBHibernateTarget" /></property>
		<property name="transactionAttributes">
			<props>
				<prop key="*">PROPAGATION_REQUIRED</prop>
			</props>
		</property>
	</bean>
</beans>
