<?xml version="1.0" encoding="utf-8"?>
<!DOCTYPE hibernate-configuration PUBLIC
"-//Hibernate/Hibernate Configuration DTD 3.0//EN"
"http://hibernate.sourceforge.net/hibernate-configuration-3.0.dtd">
<hibernate-configuration>
    <session-factory name="biblio">
        <property name="hibernate.bytecode.use_reflection_optimizer">false</property>
        <property name="hibernate.cache.provider_class">org.hibernate.cache.NoCacheProvider</property>
        <property name="hibernate.connection.autocommit">false</property>
        <property name="hibernate.connection.driver_class">com.mysql.jdbc.Driver</property>
        <property name="hibernate.connection.password">admin</property>
        <property name="hibernate.connection.url">jdbc:mysql://localhost/biblio</property>
        <property name="hibernate.connection.username">root</property>
        <property name="hibernate.current_session_context_class">thread</property>
        <property name="hibernate.dialect">org.hibernate.dialect.MySQL5Dialect</property>
        <property name="hibernate.search.autoregister_listeners">false</property>
        <mapping resource="datos/modelo/Socio.hbm.xml"/>
  		<mapping resource="datos/modelo/Libro.hbm.xml"/>
  		<mapping resource="datos/modelo/Copia.hbm.xml"/>
  		<mapping resource="datos/modelo/Reserva.hbm.xml"/>
    </session-factory>
</hibernate-configuration>
